{
    "Ar36": {
        "error": 0.003976956838464997, 
        "filter_outliers_dict": {
            "filter_outliers": true, 
            "iterations": 2, 
            "std_devs": 2
        }, 
        "fit": "Parabolic", 
        "value": 3.375034136591177
    }, 
    "Ar37": {
        "error": 0.01173403598808653, 
        "filter_outliers_dict": {
            "filter_outliers": true, 
            "iterations": 2, 
            "std_devs": 2
        }, 
        "fit": "linear", 
        "value": 0.11715965391233807
    }, 
    "Ar38": {
        "error": 0.012505180033183532, 
        "filter_outliers_dict": {
            "filter_outliers": true, 
            "iterations": 2, 
            "std_devs": 2
        }, 
        "fit": "linear", 
        "value": 0.5251620273016679
    }, 
    "Ar39": {
        "error": 0.024581045733751937, 
        "filter_outliers_dict": {
            "filter_outliers": true, 
            "iterations": 2, 
            "std_devs": 2
        }, 
        "fit": "Parabolic", 
        "value": -0.05407004717420097
    }, 
    "Ar40": {
        "error": 0.07797595168068795, 
        "filter_outliers_dict": {
            "filter_outliers": true, 
            "iterations": 2, 
            "std_devs": 2
        }, 
        "fit": "Parabolic", 
        "value": 1012.0191210246539
    }
}