{
    "Ar36": {
        "error": 0.003920480665930237, 
        "filter_outliers_dict": {
            "filter_outliers": true, 
            "iterations": 2, 
            "std_devs": 2
        }, 
        "fit": "Parabolic", 
        "value": 3.40365602983411
    }, 
    "Ar37": {
        "error": 0.01260153518385565, 
        "filter_outliers_dict": {
            "filter_outliers": true, 
            "iterations": 2, 
            "std_devs": 2
        }, 
        "fit": "linear", 
        "value": 0.0500298799539245
    }, 
    "Ar38": {
        "error": 0.013789324290700728, 
        "filter_outliers_dict": {
            "filter_outliers": true, 
            "iterations": 2, 
            "std_devs": 2
        }, 
        "fit": "linear", 
        "value": 0.5280032098288461
    }, 
    "Ar39": {
        "error": 0.020586100583475656, 
        "filter_outliers_dict": {
            "filter_outliers": true, 
            "iterations": 2, 
            "std_devs": 2
        }, 
        "fit": "Parabolic", 
        "value": -0.03736973407827435
    }, 
    "Ar40": {
        "error": 0.07039717176021353, 
        "filter_outliers_dict": {
            "filter_outliers": true, 
            "iterations": 2, 
            "std_devs": 2
        }, 
        "fit": "Parabolic", 
        "value": 1009.4352275133735
    }
}